institution,niveau,Total,homme (%),femme (%),sexe_inconnu (%),Logé (%),Non-logé (%),Logement inconnu,noble (%),non_noble (%),noble_inconnu (%)
Gardes du corps,4,6193,100.0,0.0,0.0,0.29,0.0,99.71,0.44,0.0,99.56
Garde-robe,4,897,96.43,3.57,-0.0,2.9,0.0,97.1,1.45,0.0,98.55
Gentilshommes servants chez le roi,4,805,100.0,0.0,0.0,0.12,0.0,99.88,0.5,0.0,99.5
Cuisine-commun ou Grand commun,4,788,100.0,0.0,0.0,0.25,0.0,99.75,0.0,0.0,100.0
Officiers servants à la Grande Écurie,5,776,100.0,0.0,0.0,1.93,0.0,98.07,0.39,0.0,99.61
Petite Écurie,4,727,99.59,0.41,-0.0,1.65,0.0,98.35,0.83,0.55,98.62
"Du premier aumônier, des autres aumôniers et officiers de la Chapelle du roi",4,649,100.0,0.0,0.0,3.7,0.0,96.3,0.0,0.0,100.0
Du premier maître d’hôtel et autres maîtres d’hôtel ordinaires et de quartier,4,577,100.0,0.0,0.0,0.69,0.0,99.31,0.52,0.0,99.48
La fourrière qui fournit le bois dans la Maison du roi,4,565,100.0,0.0,0.0,0.35,0.18,99.47,0.0,0.18,99.82
Gardes de la porte,4,520,100.0,0.0,0.0,0.96,0.0,99.04,0.77,0.0,99.23
Compagnie des gardes de la prévôté de l’Hôtel,4,481,100.0,0.0,0.0,0.83,0.0,99.17,0.21,0.0,99.79
Musique de la Chambre,5,439,94.08,5.92,0.0,2.05,0.0,97.95,0.68,0.0,99.32
Sans institution définie,1,431,99.77,0.23,0.0,3.25,0.0,96.75,1.16,0.0,98.84
Bouche du roi ou Cuisine-bouche,4,428,100.0,0.0,0.0,1.4,0.0,98.6,0.0,0.0,100.0
Officiers pour servir aux grandes cérémonies,5,380,100.0,0.0,0.0,0.0,0.0,100.0,0.0,0.0,100.0
Valets de Chambre,5,328,100.0,0.0,0.0,3.05,0.0,96.95,0.0,0.3,99.7
Garde de la Manche,5,308,100.0,0.0,0.0,0.32,0.0,99.68,0.0,0.0,100.0
Maîtres de la Chambre aux deniers,4,305,100.0,0.0,0.0,0.98,0.0,99.02,0.0,0.0,100.0
Gentilshommes ordinaires de la Maison du roi,5,301,100.0,0.0,0.0,3.99,0.0,96.01,1.0,0.0,99.0
Échansonnerie-commun,4,284,100.0,0.0,0.0,0.0,0.0,100.0,0.0,0.0,100.0
De la Chapelle-musique du roi,4,275,100.0,0.0,0.0,0.73,0.0,99.27,0.0,0.0,100.0
"Du Grand maréchal des Logis de France, des maréchaux et fourriers des Logis du roi",4,273,100.0,0.0,0.0,1.83,0.0,98.17,2.2,0.0,97.8
Paneterie-commun,4,267,100.0,0.0,0.0,0.37,0.0,99.63,0.0,0.0,100.0
Échansonnerie-bouche,5,257,100.0,0.0,0.0,0.78,0.0,99.22,0.0,0.0,100.0
Capitainerie des chasses de la Varenne du Louvre et dépendances,6,249,100.0,0.0,0.0,0.4,0.0,99.6,1.2,0.0,98.8
Fruiterie,4,245,100.0,0.0,0.0,0.41,0.0,99.59,0.0,0.0,100.0
Chambre du roi,4,235,91.91,8.09,0.0,5.96,0.0,94.04,2.13,0.0,97.87
Paneterie-bouche,5,181,99.45,0.0,0.55,2.21,0.0,97.79,1.1,0.0,98.9
Ouvriers et marchands fournissant actuellement les Écuries du roi,4,173,100.0,0.0,0.0,0.0,0.0,100.0,0.58,0.0,99.42
Chambre de la reine Marie Leszczynska,4,168,85.12,14.88,-0.0,17.26,0.0,82.74,1.19,0.0,98.81
Huissiers de la Chambre,5,159,100.0,0.0,0.0,1.26,0.0,98.74,0.63,0.0,99.37
Porte-manteaux,5,151,100.0,0.0,0.0,0.0,0.0,100.0,0.0,0.0,100.0
Bailliage de Versailles,4,148,100.0,0.0,0.0,2.7,0.0,97.3,0.0,0.68,99.32
"Du directeur général des Bâtiments, des intendants, contrôleurs, architectes et autres officiers des maisons royales",4,148,99.32,0.68,0.0,8.78,0.0,91.22,6.08,0.68,93.24
Autres officiers ayant le titre de valet de chambre,5,145,100.0,0.0,0.0,5.52,0.0,94.48,0.69,0.69,98.62
Médecins,6,145,100.0,0.0,0.0,2.07,2.76,95.17,4.83,0.69,94.48
Capitainerie des chasses de la Varenne des Tuileries,6,137,100.0,0.0,0.0,1.46,0.0,98.54,2.19,0.0,97.81
Capitainerie des chasses du château de Chambord,7,133,100.0,0.0,0.0,0.75,0.0,99.25,0.75,0.0,99.25
Officiers des Bâtiments du roi de Fontainebleau,7,127,70.87,29.13,-0.0,0.79,0.0,99.21,0.0,0.0,100.0
Cuisine-bouche de Marie Leszczynska,6,125,100.0,0.0,0.0,0.0,0.0,100.0,0.0,0.0,100.0
Compagnie du guet à pied,5,120,100.0,0.0,0.0,0.0,0.0,100.0,0.0,0.0,100.0
Capitainerie des chasses de Saint-Germain-en-Laye,6,118,100.0,0.0,0.0,0.0,0.0,100.0,3.39,0.0,96.61
Haras du roi,5,118,100.0,0.0,0.0,0.0,0.85,99.15,0.0,0.0,100.0
"Chevaucheurs de l’Écurie, nommés vulgairement courriers du Cabinet",5,114,100.0,0.0,0.0,0.0,0.0,100.0,0.0,0.0,100.0
Pages de la Chambre,5,111,100.0,0.0,0.0,0.0,0.0,100.0,0.0,0.0,100.0
Direction générale des haras du royaume,2,110,100.0,0.0,0.0,0.0,0.0,100.0,0.0,0.0,100.0
Apothicaires,6,109,100.0,0.0,0.0,7.34,0.92,91.74,1.83,0.92,97.25
Cuisine-commun de Marie Leszczynska,6,108,100.0,0.0,0.0,0.0,0.0,100.0,0.0,0.0,100.0
Capitainerie des chasses du château de Blois,7,104,100.0,0.0,0.0,0.0,0.0,100.0,0.0,0.0,100.0
Collège Royal,4,101,100.0,0.0,0.0,0.0,0.0,100.0,0.99,0.0,99.01
Du Grand veneur et des autres officiers de la Vénerie du roi,4,97,100.0,0.0,0.0,2.06,0.0,97.94,5.15,0.0,94.85
Écuries de la reine Marie Leszczynska,5,94,100.0,0.0,0.0,0.0,0.0,100.0,0.0,0.0,100.0
Capitainerie des chasses de Vincennes,7,92,100.0,0.0,0.0,0.0,0.0,100.0,0.0,0.0,100.0
Cabinet du roi,4,85,100.0,0.0,0.0,12.94,0.0,87.06,1.18,0.0,98.82
Cuisine-bouche et Commun de Marie Leszczynska,4,81,100.0,0.0,0.0,6.17,0.0,93.83,0.0,0.0,100.0
Capitainerie des chasses de Fontainebleau,7,81,100.0,0.0,0.0,0.0,0.0,100.0,2.47,0.0,97.53
Dames et femmes de la reine Marie-Thérèse,5,81,0.0,100.0,0.0,17.28,0.0,82.72,46.91,0.0,53.09
Des autres officiers des sept offices,4,80,95.0,5.0,0.0,0.0,0.0,100.0,0.0,0.0,100.0
Maison civile de la dauphine Marie-Anne-Christine-Victoire de Bavière,3,70,55.71,44.29,0.0,24.29,0.0,75.71,32.86,0.0,67.14
"Maison de Marie-Adélaïde de Savoie, duchesse de Bourgogne",2,70,91.43,8.57,-0.0,11.43,0.0,88.57,8.57,0.0,91.43
Gouvernement du château de Blois,7,70,100.0,0.0,0.0,0.0,0.0,100.0,1.43,0.0,98.57
Panneterie-commun de Marie Leszczynska,6,67,100.0,0.0,0.0,1.49,0.0,98.51,0.0,0.0,100.0
Échansonnerie-commun de Marie Leszczynska,6,67,100.0,0.0,0.0,0.0,0.0,100.0,0.0,0.0,100.0
Capitainerie des chasses de Livry et de Bondi,5,66,100.0,0.0,0.0,0.0,0.0,100.0,1.52,0.0,98.48
"Lecteurs, interprètes et historiographes",5,63,100.0,0.0,0.0,9.52,0.0,90.48,4.76,0.0,95.24
Chirurgiens,6,62,100.0,0.0,0.0,14.52,0.0,85.48,4.84,0.0,95.16
Maréchaux de France,2,60,100.0,0.0,0.0,21.67,0.0,78.33,91.67,0.0,8.33
Chapelle de la reine Marie Leszczynska,4,58,100.0,0.0,0.0,15.52,0.0,84.48,1.72,0.0,98.28
Bureau de Marie Leszczynska,5,58,100.0,0.0,0.0,17.24,0.0,82.76,0.0,0.0,100.0
Conseil de la reine Marie Leszczynska,4,53,98.11,1.89,0.0,15.09,0.0,84.91,5.66,0.0,94.34
"Maison de la dauphine Marie-Adélaïde de Savoie, duchesse de Bourgogne",2,53,67.92,32.08,0.0,18.87,0.0,81.13,22.64,0.0,77.36
Trésoriers pour les dépenses de la Maison du roi,4,52,100.0,0.0,0.0,1.92,0.0,98.08,1.92,0.0,98.08
Marchands et artisans privilégiés suivant la cour,3,52,98.08,1.92,0.0,1.92,0.0,98.08,0.0,0.0,100.0
Jeu de Paume,5,52,100.0,0.0,0.0,0.0,0.0,100.0,0.0,0.0,100.0
"Argenterie, Menus Plaisirs et affaires de la Chambre du roi",5,49,100.0,0.0,0.0,10.2,0.0,89.8,0.0,0.0,100.0
Jardin du roi,5,49,97.96,2.04,0.0,6.12,0.0,93.88,4.08,0.0,95.92
Échansonnerie-bouche de Marie Leszczynska,7,49,100.0,0.0,0.0,0.0,0.0,100.0,0.0,0.0,100.0
Levrettes et lévriers de la Chambre,5,49,100.0,0.0,0.0,0.0,0.0,100.0,0.0,0.0,100.0
"Maison de Marie-Joséphine Louise Bénédicte de Savoie, comtesse de Provence",2,46,82.61,17.39,0.0,8.7,2.17,89.13,6.52,0.0,93.48
Officiers des Bâtiments du roi du château de Saint-Germain-en-Laye,6,46,91.3,8.7,0.0,2.17,0.0,97.83,0.0,0.0,100.0
Compagnie d’ordonnance du guet à cheval,5,45,100.0,0.0,0.0,0.0,0.0,100.0,0.0,0.0,100.0
Écuries de Marie Leszczynska,4,44,100.0,0.0,0.0,4.55,0.0,95.45,2.27,0.0,97.73
Les Cent-Suisses,4,44,100.0,0.0,0.0,9.09,0.0,90.91,4.55,0.0,95.45
Du Grand louvetier,4,42,100.0,0.0,0.0,11.9,0.0,88.1,4.76,2.38,92.86
Officiers du siège général de la Connétablie et Maréchaussée de France,4,42,100.0,0.0,0.0,0.0,0.0,100.0,0.0,0.0,100.0
Tailleurs ordinaires de la Garde-robe du roi,5,42,100.0,0.0,0.0,0.0,0.0,100.0,0.0,0.0,100.0
Du Petit commun,4,42,100.0,0.0,0.0,4.76,0.0,95.24,0.0,0.0,100.0
Capitainerie des chasses pour Madrid et le bois de Boulogne,7,41,100.0,0.0,0.0,0.0,0.0,100.0,0.0,0.0,100.0
Des maîtres des requêtes de l’Hôtel du roi,2,41,100.0,0.0,0.0,7.32,0.0,92.68,2.44,0.0,97.56
"Du Grand-maître, du maître et de l’aide et autres officiers des Cérémonies",3,40,100.0,0.0,0.0,22.5,0.0,77.5,17.5,0.0,82.5
Officiers des Bâtiments du roi pour le château de Madrid et le bois de Boulogne,7,40,85.0,15.0,0.0,0.0,0.0,100.0,0.0,0.0,100.0
Maison civile de Marie Leszczynska,3,39,10.26,89.74,0.0,84.62,0.0,15.38,87.18,0.0,12.82
Officiers des Bâtiments du roi du château de Versailles et ses dépendances,6,38,100.0,0.0,0.0,21.05,0.0,78.95,0.0,0.0,100.0
Officiers des Bâtiments du roi de Compiègne,7,37,64.86,35.14,0.0,0.0,0.0,100.0,0.0,0.0,100.0
Cabinet des livres,5,36,100.0,0.0,0.0,5.56,0.0,94.44,2.78,0.0,97.22
"Maison de Charles-Philippe de France, comte d'Artois",2,36,100.0,0.0,0.0,2.78,0.0,97.22,2.78,0.0,97.22
Chasse au sanglier de la Vénerie du roi ou Vautrait du roi,5,36,100.0,0.0,0.0,0.0,2.78,97.22,0.0,2.78,97.22
Gouvernement du château du Louvre et dépendances,6,35,97.14,2.86,-0.0,14.29,0.0,85.71,5.71,0.0,94.29
Maison de la dauphine Marie-Josèphe de Saxe,2,35,91.43,8.57,-0.0,11.43,0.0,88.57,5.71,0.0,94.29
"Du Grand-maître et surintendant général des Postes, courriers et relais de France",4,35,100.0,0.0,0.0,14.29,0.0,85.71,11.43,0.0,88.57
Fruiterie de Marie Leszczynska,5,35,100.0,0.0,0.0,0.0,0.0,100.0,0.0,0.0,100.0
Bailliage de Meudon,4,34,100.0,0.0,0.0,0.0,0.0,100.0,0.0,0.0,100.0
Service des pages de Marie Leszczynska,5,33,100.0,0.0,0.0,3.03,0.0,96.97,0.0,0.0,100.0
Cuisine-bouche de la reine Marie-Thérèse,6,32,100.0,0.0,0.0,0.0,0.0,100.0,0.0,0.0,100.0
Gouvernement particulier de Compiègne (château royal),4,32,100.0,0.0,0.0,0.0,0.0,100.0,3.12,0.0,96.88
Éducation du roi,3,31,58.06,41.94,0.0,6.45,0.0,93.55,3.23,0.0,96.77
Panneterie-bouche de Marie Leszczynska,7,31,100.0,0.0,0.0,3.23,0.0,96.77,0.0,0.0,100.0
Collège de Navarre,4,31,100.0,0.0,0.0,0.0,0.0,100.0,0.0,0.0,100.0
Chambre de la reine Marie-Thérèse,4,30,100.0,0.0,0.0,3.33,0.0,96.67,0.0,0.0,100.0
Département des Finances,3,29,100.0,0.0,0.0,6.9,0.0,93.1,6.9,0.0,93.1
Capitainerie des chasses d’Halatte,5,28,100.0,0.0,0.0,0.0,0.0,100.0,0.0,0.0,100.0
Maîtres pour enseigner les pages de la Grande Écurie,5,28,100.0,0.0,0.0,3.57,0.0,96.43,3.57,0.0,96.43
Officiers nécessaires pour les voyages,4,28,100.0,0.0,0.0,0.0,0.0,100.0,0.0,0.0,100.0
Contrôle général des Finances,1,27,100.0,0.0,0.0,14.81,0.0,85.19,0.0,0.0,100.0
Bouche et Offices de la reine Marie-Thérèse,4,26,100.0,0.0,0.0,0.0,0.0,100.0,3.85,0.0,96.15
Paneterie et Échansonnerie du service extérieur,6,26,100.0,0.0,0.0,3.85,0.0,96.15,0.0,0.0,100.0
"Maison de Louis-Stanislas-Xavier de France, comte de Provence",2,26,100.0,0.0,0.0,0.0,0.0,100.0,0.0,0.0,100.0
Des secrétaires d'État,2,26,100.0,0.0,0.0,57.69,0.0,42.31,42.31,0.0,57.69
Logis de la reine Marie-Thérèse,4,25,100.0,0.0,0.0,0.0,0.0,100.0,0.0,0.0,100.0
Échansonnerie-bouche de la reine Marie-Thérèse,7,25,100.0,0.0,0.0,0.0,0.0,100.0,0.0,0.0,100.0
Maison ecclésiastique de Marie-Thérèse d'Autriche,3,24,100.0,0.0,0.0,4.17,0.0,95.83,4.17,0.0,95.83
Garde-meuble,4,24,100.0,0.0,0.0,25.0,0.0,75.0,0.0,0.0,100.0
Des quatre premiers gentilshommes de la Chambre du roi,4,23,100.0,0.0,0.0,39.13,0.0,60.87,86.96,0.0,13.04
"Grand panetier, Grand échanson, premier écuyer tranchant",4,23,100.0,0.0,0.0,4.35,0.0,95.65,47.83,0.0,52.17
Paneterie-commun de la reine Marie-Thérèse,6,23,100.0,0.0,0.0,0.0,0.0,100.0,0.0,0.0,100.0
Du Grand Conseil,2,23,100.0,0.0,0.0,13.04,0.0,86.96,4.35,0.0,95.65
Bailliage de Choisy-le-Roi,4,22,100.0,0.0,0.0,0.0,0.0,100.0,0.0,0.0,100.0
Maison de la dauphine Marie-Antoinette,2,22,77.27,22.73,0.0,22.73,0.0,77.27,22.73,0.0,77.27
La Bastille,3,22,100.0,0.0,0.0,0.0,0.0,100.0,4.55,0.0,95.45
Conseil de la reine Marie-Thérèse,4,22,100.0,0.0,0.0,0.0,0.0,100.0,0.0,0.0,100.0
Antichambre du roi,4,21,100.0,0.0,0.0,14.29,0.0,85.71,0.0,0.0,100.0
Du Grand écuyer de France et des officiers des Écuries du roi,3,21,90.48,4.76,4.76,4.76,0.0,95.24,9.52,0.0,90.48
Du châtelet de Paris,2,21,100.0,0.0,0.0,0.0,19.05,80.95,9.52,33.33,57.15
Capitainerie des chasses du château de Monceaux,7,20,100.0,0.0,0.0,0.0,0.0,100.0,0.0,0.0,100.0
Gouvernement du château de Versailles et ses dépendances,6,20,100.0,0.0,0.0,20.0,0.0,80.0,0.0,5.0,95.0
Garderobe de la reine Marie-Thérèse,5,20,100.0,0.0,0.0,0.0,0.0,100.0,0.0,0.0,100.0
Gouvernement du château de la Bastille,7,20,95.0,5.0,0.0,5.0,0.0,95.0,0.0,0.0,100.0
Cuisine-commun de la reine Marie-Thérèse,6,19,100.0,0.0,0.0,0.0,0.0,100.0,0.0,0.0,100.0
Maison civile de Marie-Antoinette,3,19,15.79,84.21,0.0,47.37,0.0,52.63,84.21,0.0,15.79
Des conseillers d'État,2,18,100.0,0.0,0.0,66.67,0.0,33.33,55.56,0.0,44.44
Garde-robe de la reine Marie Leszczynska,4,18,88.89,11.11,0.0,5.56,0.0,94.44,5.56,0.0,94.44
Logis de la reine Marie Leszczynska,4,18,100.0,0.0,0.0,5.56,0.0,94.44,0.0,0.0,100.0
Pages et valets de pied de la reine Marie-Thérèse,5,18,100.0,0.0,0.0,0.0,0.0,100.0,0.0,0.0,100.0
Gendarmes de la Garde du roi,4,17,100.0,0.0,0.0,0.0,0.0,100.0,5.88,0.0,94.12
Porte-arquebuses,5,17,100.0,0.0,0.0,11.76,0.0,88.24,0.0,0.0,100.0
Gouvernement du Palais royal,6,17,100.0,0.0,0.0,0.0,0.0,100.0,0.0,0.0,100.0
Gouvernement particulier de Laon,4,17,100.0,0.0,0.0,0.0,0.0,100.0,0.0,0.0,100.0
Gouvernement du palais des Tuileries,6,17,88.24,11.76,0.0,11.76,0.0,88.24,0.0,0.0,100.0
Cuisine-bouche du service extérieur,6,17,100.0,0.0,0.0,5.88,0.0,94.12,0.0,0.0,100.0
Chevau-légers de la Garde du roi,4,17,100.0,0.0,0.0,0.0,0.0,100.0,17.65,0.0,82.35
Maison des enfants de France,1,17,29.41,70.59,0.0,64.71,0.0,35.29,52.94,0.0,47.06
"Maison de Marie-Thérèse de Savoie, comtesse d'Artois",2,16,100.0,0.0,0.0,6.25,0.0,93.75,0.0,0.0,100.0
Fruiterie de la reine Marie-Thérèse,6,16,100.0,0.0,0.0,0.0,0.0,100.0,0.0,0.0,100.0
Officiers des Bâtiments du roi des Tuileries,6,16,75.0,25.0,0.0,0.0,0.0,100.0,12.5,0.0,87.5
Académie royale de chirurgie,3,16,100.0,0.0,0.0,0.0,0.0,100.0,0.0,0.0,100.0
"Maison de Madame, Élisabeth-Charlotte, duchesse d'Orléans",2,16,18.75,81.25,0.0,12.5,6.25,81.25,81.25,0.0,18.75
Cardinaux français,2,15,100.0,0.0,0.0,73.33,0.0,26.67,40.0,0.0,60.0
"Maison de Marie-Louise-Élisabeth d'Orléans, duchesse de Berry",2,15,93.33,0.0,6.67,0.0,0.0,100.0,0.0,0.0,100.0
Faculté de la reine Marie-Thérèse,5,15,100.0,0.0,0.0,6.67,0.0,93.33,0.0,0.0,100.0
Gouvernement particulier de Noyon,4,15,100.0,0.0,0.0,0.0,0.0,100.0,0.0,0.0,100.0
Grande Écurie,4,15,100.0,0.0,0.0,13.33,0.0,86.67,6.67,0.0,93.33
Officiers non commensaux des Écuries du roi,5,14,100.0,0.0,0.0,0.0,0.0,100.0,0.0,0.0,100.0
Gouvernement du château de Compiègne,7,14,100.0,0.0,0.0,7.14,0.0,92.86,14.29,0.0,85.71
"Du Trésor royal, du garde du Trésor royal et des trésoriers des parties casuelles",2,14,100.0,0.0,0.0,0.0,0.0,100.0,0.0,0.0,100.0
Gouvernement du château de Vincennes,7,14,92.86,7.14,0.0,0.0,0.0,100.0,0.0,0.0,100.0
Capitainerie et gruerie des chasses de Corbeil et Sénart,7,14,100.0,0.0,0.0,0.0,0.0,100.0,0.0,0.0,100.0
Vol pour le héron de la Fauconnerie du roi,5,14,100.0,0.0,0.0,0.0,0.0,100.0,0.0,0.0,100.0
Compagnie de gardes des chasses et Plaisirs du roi aux environs et dix lieues à la ronde de Paris,5,14,100.0,0.0,0.0,0.0,0.0,100.0,0.0,0.0,100.0
"Maison de Charles de France, duc de Berry",2,14,85.71,14.29,0.0,7.14,0.0,92.86,7.14,7.14,85.72
Capitainerie des chasses de Compiègne,7,14,100.0,0.0,0.0,0.0,0.0,100.0,0.0,0.0,100.0
Écuries de la reine Marie-Thérèse,4,13,100.0,0.0,0.0,0.0,0.0,100.0,15.38,0.0,84.62
Second vol pour corneille de la Fauconnerie du roi,5,13,100.0,0.0,0.0,0.0,0.0,100.0,0.0,0.0,100.0
Généralité de Rouen,3,13,100.0,0.0,0.0,7.69,0.0,92.31,0.0,0.0,100.0
Vol pour rivière ou pour le canard de la Fauconnerie du roi,5,13,100.0,0.0,0.0,0.0,0.0,100.0,0.0,0.0,100.0
Généralité de Soissons,3,13,100.0,0.0,0.0,7.69,0.0,92.31,0.0,0.0,100.0
Service intérieur de la Bouche du roi,5,13,100.0,0.0,0.0,0.0,0.0,100.0,0.0,0.0,100.0
Compagnies du chevalier du guet,4,13,100.0,0.0,0.0,0.0,0.0,100.0,0.0,0.0,100.0
Maison de la dauphine Marie-Thérèse d'Espagne,2,13,30.77,69.23,0.0,23.08,0.0,76.92,30.77,0.0,69.23
Premier vol pour milan de la Fauconnerie du roi,5,11,100.0,0.0,0.0,9.09,0.0,90.91,0.0,0.0,100.0
"Maison de Madame, Henriette d'Angleterre, duchesse d'Orléans",2,11,0.0,100.0,0.0,9.09,0.0,90.91,54.55,0.0,45.45
Gouvernement du château de La Muette,7,11,100.0,0.0,0.0,9.09,0.0,90.91,0.0,0.0,100.0
Chirurgiens de Marie Leszczynska,5,11,100.0,0.0,0.0,36.36,0.0,63.64,0.0,0.0,100.0
Conseil royal des Finances,3,11,100.0,0.0,0.0,18.18,0.0,81.82,45.45,0.0,54.55
Officiers de l'Écurie de la reine Marie-Thérèse,5,11,100.0,0.0,0.0,0.0,0.0,100.0,0.0,0.0,100.0
Bailliage de Soissons,4,11,100.0,0.0,0.0,0.0,0.0,100.0,0.0,0.0,100.0
Gouvernement du château de Saint-Germain-en-Laye,6,11,100.0,0.0,0.0,9.09,0.0,90.91,18.18,0.0,81.82
Capitainerie des chasses de Sénart,7,11,100.0,0.0,0.0,9.09,0.0,90.91,9.09,0.0,90.91
Gouvernement du Haut et Bas-Berry,2,11,100.0,0.0,0.0,36.36,0.0,63.64,100.0,0.0,0.0
Cuisine-bouche du service intérieur,6,11,100.0,0.0,0.0,0.0,0.0,100.0,0.0,0.0,100.0
Gouvernement particulier de Soissons,4,11,100.0,0.0,0.0,0.0,0.0,100.0,0.0,0.0,100.0
Paneterie et Échansonnerie du service intérieur,6,10,100.0,0.0,0.0,0.0,0.0,100.0,0.0,0.0,100.0
Officiers des Bâtiments du roi pour le château neuf de Saint-Germain-en-Laye,7,10,100.0,0.0,0.0,0.0,0.0,100.0,0.0,0.0,100.0
Vol pour pie de la Fauconnerie du roi,5,10,100.0,0.0,0.0,0.0,0.0,100.0,0.0,0.0,100.0
Ordre et milice du Saint-Esprit,2,10,100.0,0.0,0.0,30.0,0.0,70.0,40.0,0.0,60.0
"Présidents, conseillers et autres officiers du parlement de Paris",2,10,100.0,0.0,0.0,10.0,0.0,90.0,10.0,0.0,90.0
Imprimerie royale,4,10,90.0,10.0,0.0,0.0,0.0,100.0,0.0,0.0,100.0
Vexin Français (Mantes),4,10,100.0,0.0,0.0,10.0,0.0,90.0,30.0,0.0,70.0
Cours-la-Reine,5,10,100.0,0.0,0.0,0.0,0.0,100.0,0.0,0.0,100.0
Officiers des Eaux et Forêts de Saint-Germain-en-Laye,6,10,100.0,0.0,0.0,0.0,0.0,100.0,20.0,0.0,80.0
Ordres du roi,1,10,100.0,0.0,0.0,40.0,0.0,60.0,50.0,0.0,50.0
"Gouvernement du Maine, Perche et Comté de Laval",2,10,100.0,0.0,0.0,20.0,0.0,80.0,80.0,0.0,20.0
Maison civile de Marie-Thérèse d'Autriche,3,10,90.0,10.0,0.0,0.0,0.0,100.0,30.0,0.0,70.0
Équipage des chiens d’Écosse de la Vénerie du roi,5,9,100.0,0.0,0.0,0.0,0.0,100.0,0.0,0.0,100.0
Manufacture de la Savonnerie,5,9,100.0,0.0,0.0,0.0,0.0,100.0,0.0,0.0,100.0
Officiers de la maîtrise des Eaux et Forêts de Fontainebleau,7,9,100.0,0.0,0.0,0.0,0.0,100.0,0.0,0.0,100.0
Gouvernement du château d’Amboise,7,9,100.0,0.0,0.0,0.0,0.0,100.0,0.0,0.0,100.0
Vol pour pie de la Chambre,6,9,100.0,0.0,0.0,0.0,0.0,100.0,0.0,0.0,100.0
Seconde compagnie des mousquetaires,5,9,100.0,0.0,0.0,22.22,0.0,77.78,88.89,0.0,11.11
Vol pour les champs de la Fauconnerie du roi,5,9,100.0,0.0,0.0,0.0,0.0,100.0,0.0,0.0,100.0
Gouvernement du château de Madrid et du bois de Boulogne,7,9,100.0,0.0,0.0,22.22,0.0,77.78,11.11,0.0,88.89
De l’amiral et de la Marine,1,9,100.0,0.0,0.0,22.22,0.0,77.78,100.0,0.0,0.0
Paneterie-bouche de la reine Marie-Thérèse,7,9,77.78,22.22,0.0,0.0,0.0,100.0,0.0,0.0,100.0
"Carrosses, chaises et litières de la reine Marie-Thérèse",5,9,88.89,11.11,0.0,0.0,0.0,100.0,0.0,0.0,100.0
"Gouvernement de Foix, Donezan, Andorre",2,9,100.0,0.0,0.0,22.22,0.0,77.78,100.0,0.0,0.0
Premiers présidents du parlement de Paris,2,9,100.0,0.0,0.0,33.33,0.0,66.67,22.22,0.0,77.78
Fourrière de la reine Marie-Thérèse,6,9,100.0,0.0,0.0,0.0,0.0,100.0,0.0,0.0,100.0
Trésoriers généraux de la Marine,2,8,100.0,0.0,0.0,0.0,0.0,100.0,0.0,0.0,100.0
Officiers des Bâtiments du roi pour le château vieux de Saint-Germain-en-Laye,7,8,100.0,0.0,0.0,0.0,0.0,100.0,0.0,0.0,100.0
Versailles et ses dépendances,5,8,100.0,0.0,0.0,37.5,0.0,62.5,0.0,0.0,100.0
Gouvernement de Metz et Pays Messin,2,8,100.0,0.0,0.0,37.5,0.0,62.5,100.0,0.0,0.0
Écuries de Marie-Antoinette,4,8,100.0,0.0,0.0,0.0,0.0,100.0,0.0,0.0,100.0
Chasse avec les cormorans,5,8,100.0,0.0,0.0,0.0,0.0,100.0,0.0,0.0,100.0
Gouvernement particulier de Vincennes (château royal),4,8,100.0,0.0,0.0,0.0,0.0,100.0,37.5,0.0,62.5
Généralité de Poitiers,3,8,100.0,0.0,0.0,0.0,0.0,100.0,0.0,0.0,100.0
Généralité de Paris,3,8,100.0,0.0,0.0,25.0,0.0,75.0,0.0,0.0,100.0
Gouvernement particulier de Senlis,4,8,100.0,0.0,0.0,0.0,0.0,100.0,12.5,0.0,87.5
Autres officiers de la Fauconnerie du roi,5,8,100.0,0.0,0.0,0.0,12.5,87.5,0.0,0.0,100.0
Généralité de Tours,3,8,100.0,0.0,0.0,0.0,0.0,100.0,0.0,0.0,100.0
Gouvernement particulier de Crépy-en-Valois,4,8,100.0,0.0,0.0,12.5,0.0,87.5,12.5,0.0,87.5
Gouvernement du château de Fontainebleau,7,8,75.0,25.0,0.0,0.0,0.0,100.0,12.5,0.0,87.5
"Comtés de Senlis et de Soissons, Noyonnais, Laonnois etc.",4,8,100.0,0.0,0.0,0.0,0.0,100.0,37.5,0.0,62.5
Gouvernement de Guyenne et Gascogne,2,8,100.0,0.0,0.0,62.5,0.0,37.5,75.0,0.0,25.0
Fourrière de Marie Leszczynska,5,8,100.0,0.0,0.0,0.0,0.0,100.0,0.0,0.0,100.0
Gouvernement de Haute et Basse Marche,2,8,100.0,0.0,0.0,12.5,0.0,87.5,37.5,0.0,62.5
Officiers des Bâtiments du roi pour le château de Monceaux,7,8,50.0,50.0,0.0,0.0,0.0,100.0,0.0,0.0,100.0
Sénéchaussée de Poitiers,4,8,100.0,0.0,0.0,0.0,0.0,100.0,25.0,0.0,75.0
Échansonnerie-commun de la reine Marie-Thérèse,6,7,100.0,0.0,0.0,0.0,0.0,100.0,0.0,0.0,100.0
Première compagnie des mousquetaires,5,7,100.0,0.0,0.0,14.29,0.0,85.71,85.71,0.0,14.29
Hôtel royal des Gobelins,5,7,100.0,0.0,0.0,0.0,0.0,100.0,0.0,0.0,100.0
Maison civile du comte de Provence,3,7,100.0,0.0,0.0,14.29,0.0,85.71,0.0,0.0,100.0
Gouvernement particulier de Châtellerault,4,7,100.0,0.0,0.0,28.57,0.0,71.43,28.57,0.0,71.43
Gouvernement particulier de Gien,3,7,100.0,0.0,0.0,0.0,0.0,100.0,0.0,0.0,100.0
"Des secrétaires du roi, Maison, Couronne de France et de ses Finances",2,7,100.0,0.0,0.0,42.86,0.0,57.14,0.0,0.0,100.0
Chambre de la reine Marie-Antoinette,4,7,57.14,42.86,0.0,0.0,0.0,100.0,0.0,0.0,100.0
Panneterie-bouche de Marie-Antoinette,7,7,100.0,0.0,0.0,0.0,0.0,100.0,0.0,0.0,100.0
Hôpital de la Charité de Paris,3,7,100.0,0.0,0.0,0.0,0.0,100.0,0.0,0.0,100.0
"Des généralités, intendances et recettes générales",2,7,100.0,0.0,0.0,0.0,0.0,100.0,0.0,0.0,100.0
Meute des chiens chassant le chevreuil de la Vénerie du roi,5,7,100.0,0.0,0.0,0.0,0.0,100.0,14.29,0.0,85.71
Cuisine-bouche de Marie-Antoinette,6,7,100.0,0.0,0.0,0.0,0.0,100.0,0.0,0.0,100.0
Bailliage de Chartres ou Beauce,3,7,100.0,0.0,0.0,0.0,0.0,100.0,0.0,0.0,100.0
Du Grand-maître de France et de ses dépendances,4,7,100.0,0.0,0.0,14.29,0.0,85.71,42.86,0.0,57.14
L’hôtel des ambassadeurs extraordinaires,5,7,100.0,0.0,0.0,0.0,0.0,100.0,0.0,0.0,100.0
Bailliage de Montargis ou Gâtinais-Orléanais,3,7,100.0,0.0,0.0,0.0,0.0,100.0,0.0,0.0,100.0
Service extérieur de la Bouche du roi,5,7,100.0,0.0,0.0,0.0,0.0,100.0,0.0,0.0,100.0
Chaise de la reine,6,7,100.0,0.0,0.0,0.0,0.0,100.0,0.0,0.0,100.0
"Surintendance générale des eaux, bains et fontaines minérales et médicinales du royaume",7,7,100.0,0.0,0.0,0.0,0.0,100.0,0.0,0.0,100.0
Chambre de police,4,7,100.0,0.0,0.0,28.57,0.0,71.43,28.57,0.0,71.43
Vol pour champs de la Chambre,6,7,100.0,0.0,0.0,14.29,0.0,85.71,0.0,0.0,100.0
Gens de métier de la reine Marie-Thérèse,4,7,85.71,14.29,0.0,0.0,0.0,100.0,0.0,0.0,100.0
Bailliage de Melun ou Gâtinais français,4,7,100.0,0.0,0.0,0.0,0.0,100.0,14.29,0.0,85.71
Gouvernement du château de Monceaux,7,7,85.71,14.29,0.0,28.57,0.0,71.43,28.57,0.0,71.43
Gouvernement de Normandie,2,7,100.0,0.0,0.0,14.29,0.0,85.71,100.0,0.0,0.0
Gouvernement de Haute et Basse Navarre et Béarn,2,7,100.0,0.0,0.0,14.29,0.0,85.71,100.0,0.0,0.0
Gouvernement de Saumur et Saumurois,2,7,100.0,0.0,0.0,0.0,0.0,100.0,100.0,0.0,0.0
Gouvernement de Toulois,2,7,100.0,0.0,0.0,14.29,0.0,85.71,85.71,0.0,14.29
Médecins de Marie Leszczynska,5,6,100.0,0.0,0.0,66.67,0.0,33.33,0.0,0.0,100.0
Généralité de Limoges,3,6,100.0,0.0,0.0,16.67,0.0,83.33,0.0,0.0,100.0
Bibliothèque du roi,3,6,100.0,0.0,0.0,16.67,0.0,83.33,0.0,0.0,100.0
Gouvernement particulier de Vendôme,3,6,100.0,0.0,0.0,0.0,0.0,100.0,33.33,0.0,66.67
Du Chancelier-Garde des sceaux de France,2,6,100.0,0.0,0.0,0.0,0.0,100.0,0.0,0.0,100.0
Généralité d’Orléans,3,6,100.0,0.0,0.0,0.0,0.0,100.0,0.0,0.0,100.0
Hôpital de la Charité de Saint-Germain-en-Laye,3,6,100.0,0.0,0.0,16.67,0.0,83.33,0.0,0.0,100.0
Généralité de Champagne,3,6,100.0,0.0,0.0,0.0,0.0,100.0,0.0,0.0,100.0
Généralité de La Rochelle,3,6,100.0,0.0,0.0,16.67,0.0,83.33,0.0,0.0,100.0
Personnes qui vivent encore de celles qui avaient été établies auprès de Sa Majesté pour son éducation,4,6,100.0,0.0,0.0,33.33,0.0,66.67,16.67,0.0,83.33
Gouvernement de Languedoc,2,6,100.0,0.0,0.0,16.67,0.0,83.33,100.0,0.0,0.0
Faculté de droit de l’université de Paris,3,6,100.0,0.0,0.0,0.0,0.0,100.0,0.0,0.0,100.0
Carrosses des filles et des femmes de la reine Marie-Thérèse,6,6,100.0,0.0,0.0,0.0,0.0,100.0,0.0,0.0,100.0
Second vol pour milan de la Fauconnerie du roi,5,6,100.0,0.0,0.0,0.0,0.0,100.0,0.0,0.0,100.0
Bailliage de Vermandois,4,6,100.0,0.0,0.0,0.0,0.0,100.0,0.0,0.0,100.0
Intendance de Roussillon et Perpignan,3,6,100.0,0.0,0.0,16.67,0.0,83.33,16.67,0.0,83.33
Gouvernement de Saintonge et d’Angoumois,2,6,100.0,0.0,0.0,33.33,0.0,66.67,100.0,0.0,0.0
Sénéchaussée de Châtellerault,4,6,100.0,0.0,0.0,0.0,0.0,100.0,0.0,0.0,100.0
Gobelet du roi,4,6,100.0,0.0,0.0,0.0,0.0,100.0,0.0,0.0,100.0
Parlement de Paris,2,6,100.0,0.0,0.0,0.0,0.0,100.0,0.0,0.0,100.0
Pays blaisois,4,6,100.0,0.0,0.0,16.67,0.0,83.33,33.33,0.0,66.67
Gouvernement de Haute et Basse Alsace,2,6,100.0,0.0,0.0,66.67,0.0,33.33,83.33,0.0,16.67
Capitaineries des chasses,5,6,100.0,0.0,0.0,0.0,0.0,100.0,0.0,0.0,100.0
Capitainerie des chasses de Séquigny,6,6,100.0,0.0,0.0,0.0,0.0,100.0,0.0,0.0,100.0
Gouvernement du château de Chambord,7,6,100.0,0.0,0.0,0.0,0.0,100.0,0.0,0.0,100.0
Gouvernement du Poitou,2,6,100.0,0.0,0.0,33.33,0.0,66.67,100.0,0.0,0.0
Gouvernement de Champagne et Brie,2,6,100.0,0.0,0.0,50.0,0.0,50.0,100.0,0.0,0.0
Gouvernement du Havre de Grace,2,6,100.0,0.0,0.0,33.33,0.0,66.67,100.0,0.0,0.0
Gouvernement de Touraine,2,6,100.0,0.0,0.0,50.0,0.0,50.0,83.33,0.0,16.67
Gouvernement du Haut et Bas-Limousin,2,6,100.0,0.0,0.0,16.67,0.0,83.33,83.33,0.0,16.67
Ponts et chaussées,2,6,100.0,0.0,0.0,0.0,0.0,100.0,0.0,0.0,100.0
Gouvernement d’Anjou,2,6,100.0,0.0,0.0,33.33,0.0,66.67,100.0,0.0,0.0
Gouvernement particulier de Fontenay-le-Comte,4,6,100.0,0.0,0.0,0.0,0.0,100.0,0.0,0.0,100.0
Gouvernement particulier de Fontainebleau (ville et château royal),4,6,100.0,0.0,0.0,33.33,0.0,66.67,16.67,0.0,83.33
Vol pour le lièvre de la Fauconnerie du roi,5,6,100.0,0.0,0.0,0.0,0.0,100.0,0.0,0.0,100.0
Archevêché de Reims,2,5,100.0,0.0,0.0,20.0,0.0,80.0,60.0,0.0,40.0
Bailliage de Clermont-en-Beauvaisis,4,5,100.0,0.0,0.0,0.0,0.0,100.0,40.0,0.0,60.0
Généralité d’Aix-en-Provence,3,5,100.0,0.0,0.0,0.0,0.0,100.0,0.0,0.0,100.0
Généralité de Riom,3,5,100.0,0.0,0.0,20.0,0.0,80.0,40.0,0.0,60.0
École royale de chirurgie d’Orléans,3,5,100.0,0.0,0.0,0.0,0.0,100.0,0.0,0.0,100.0
Gouvernement du duché de Bourgogne,2,5,100.0,0.0,0.0,40.0,0.0,60.0,100.0,0.0,0.0
Observatoire de Paris,5,5,100.0,0.0,0.0,20.0,0.0,80.0,0.0,0.0,100.0
"Lieutenances de La Rochelle, pays d'Aunis et Brouageais",3,5,100.0,0.0,0.0,0.0,0.0,100.0,20.0,0.0,80.0
Gouvernement d’Orléanais,2,5,100.0,0.0,0.0,0.0,0.0,100.0,100.0,0.0,0.0
Pépinières du roi,5,5,100.0,0.0,0.0,0.0,0.0,100.0,0.0,0.0,100.0
Gouvernement de Flandre française et de Hainaut,2,5,100.0,0.0,0.0,40.0,0.0,60.0,100.0,0.0,0.0
Gouvernement du Dauphiné,2,5,100.0,0.0,0.0,0.0,0.0,100.0,100.0,0.0,0.0
"Gouvernement de La Rochelle, pays d'Aunis et Brouageais",2,5,100.0,0.0,0.0,0.0,0.0,100.0,100.0,0.0,0.0
"Gouvernement de Lyonnais, Forest et Beaujolais",2,5,100.0,0.0,0.0,80.0,0.0,20.0,80.0,0.0,20.0
Gouvernement particulier de Chauny,4,5,100.0,0.0,0.0,0.0,0.0,100.0,0.0,0.0,100.0
Gouvernement particulier de Beaugency,3,5,100.0,0.0,0.0,0.0,0.0,100.0,0.0,0.0,100.0
Gouvernement de Paris,2,5,100.0,0.0,0.0,20.0,0.0,80.0,20.0,0.0,80.0
Gouvernement particulier de Parthenay,4,5,100.0,0.0,0.0,0.0,0.0,100.0,0.0,0.0,100.0
Du Grand chambellan,4,5,100.0,0.0,0.0,0.0,0.0,100.0,100.0,0.0,0.0
Capitaine des gardes des aires de Bourgogne et de Bresse,6,5,100.0,0.0,0.0,0.0,0.0,100.0,0.0,0.0,100.0
Gouvernement particulier de Romorantin (château),3,5,100.0,0.0,0.0,0.0,0.0,100.0,40.0,0.0,60.0
Hôpital royal de Versailles (1720-1789),3,5,100.0,0.0,0.0,40.0,0.0,60.0,20.0,0.0,80.0
Gouvernement particulier d’Étampes (troupes),4,5,100.0,0.0,0.0,0.0,0.0,100.0,0.0,0.0,100.0
Du Grand-maître de France et des officiers qui dépendent de lui,3,5,100.0,0.0,0.0,0.0,0.0,100.0,0.0,0.0,100.0
Intendance d’Alsace,3,5,100.0,0.0,0.0,20.0,0.0,80.0,20.0,0.0,80.0
Officiers des Bâtiments du roi pour le château de Marimont,7,5,100.0,0.0,0.0,0.0,0.0,100.0,0.0,0.0,100.0
Finances de la reine Marie-Thérèse,4,5,100.0,0.0,0.0,20.0,0.0,80.0,0.0,0.0,100.0
Gouvernement de Picardie et d’Artois,2,5,100.0,0.0,0.0,20.0,0.0,80.0,100.0,0.0,0.0
Gouvernement particulier de Houdan,4,4,100.0,0.0,0.0,0.0,0.0,100.0,0.0,0.0,100.0
Gouvernement du château de Marly,6,4,100.0,0.0,0.0,25.0,0.0,75.0,25.0,0.0,75.0
Gouvernement particulier de Cognac,4,4,100.0,0.0,0.0,25.0,0.0,75.0,75.0,0.0,25.0
Gouvernement particulier de Dreux,4,4,100.0,0.0,0.0,0.0,0.0,100.0,0.0,0.0,100.0
Gouvernement du château de Choisy,7,4,100.0,0.0,0.0,25.0,0.0,75.0,25.0,0.0,75.0
Capitainerie des chasses de Versailles et ses dépendances,6,4,100.0,0.0,0.0,0.0,0.0,100.0,0.0,0.0,100.0
Capitainerie des chasses de Saint-Léger,6,4,100.0,0.0,0.0,0.0,0.0,100.0,0.0,0.0,100.0
Fortifications,2,4,100.0,0.0,0.0,25.0,0.0,75.0,0.0,0.0,100.0
"Maison de Marie-Anne de Bourbon, princesse puis princesse douairière de Conti",2,4,50.0,50.0,0.0,0.0,0.0,100.0,25.0,25.0,50.0
Maison de Mesdames les cadettes,1,4,0.0,100.0,0.0,75.0,0.0,25.0,75.0,0.0,25.0
"Orléanais, pays et duché d'Orléanais",4,4,100.0,0.0,0.0,0.0,0.0,100.0,0.0,0.0,100.0
Généralité de Bourgogne,3,4,100.0,0.0,0.0,0.0,0.0,100.0,0.0,0.0,100.0
Du Grand fauconnier,4,4,100.0,0.0,0.0,25.0,0.0,75.0,50.0,0.0,50.0
Des chambres des Comptes du royaume,2,4,100.0,0.0,0.0,0.0,0.0,100.0,0.0,0.0,100.0
Dames et officiers qui ont servi le roi jusqu’à ses sept ans et qui ne servent plus depuis que Sa Majesté est aux mains des hommes,4,4,0.0,100.0,0.0,0.0,0.0,100.0,0.0,0.0,100.0
Beauvaisis,4,4,100.0,0.0,0.0,0.0,0.0,100.0,25.0,0.0,75.0
Hôpital des Quinze-Vingts,3,4,100.0,0.0,0.0,0.0,0.0,100.0,0.0,0.0,100.0
Hôtel des Monnaies de Paris,4,4,100.0,0.0,0.0,0.0,0.0,100.0,0.0,0.0,100.0
Oiseaux du Cabinet du roi,5,4,100.0,0.0,0.0,0.0,0.0,100.0,0.0,0.0,100.0
"Maison de Monsieur, Philippe de France, duc d'Anjou puis d'Orléans (✝ 1701)",2,4,100.0,0.0,0.0,25.0,0.0,75.0,100.0,0.0,0.0
Gouvernement de Bourbonnais,2,4,100.0,0.0,0.0,25.0,0.0,75.0,100.0,0.0,0.0
Gentilshommes au Bec de Corbin,4,4,100.0,0.0,0.0,0.0,0.0,100.0,50.0,0.0,50.0
Gouvernement particulier de Saintes,4,4,100.0,0.0,0.0,0.0,0.0,100.0,0.0,0.0,100.0
Gouvernement de Franche-Comté,2,4,100.0,0.0,0.0,75.0,0.0,25.0,100.0,0.0,0.0
"Trompettes, hautbois et tambours des Plaisirs du roi",5,4,100.0,0.0,0.0,0.0,0.0,100.0,0.0,0.0,100.0
Gouvernement particulier de Brie-Comte-Robert,4,4,100.0,0.0,0.0,0.0,0.0,100.0,0.0,0.0,100.0
Gouvernement de Dunkerque,2,4,100.0,0.0,0.0,0.0,0.0,100.0,100.0,0.0,0.0
Gouvernement du comté de Roussillon,2,4,100.0,0.0,0.0,50.0,0.0,50.0,100.0,0.0,0.0
Colonels généraux,2,4,100.0,0.0,0.0,25.0,0.0,75.0,100.0,0.0,0.0
Apothicaires de Marie Leszczynska,5,4,100.0,0.0,0.0,75.0,0.0,25.0,0.0,0.0,100.0
Gouvernement particulier de Meudon (ville et château royal),4,4,75.0,0.0,25.0,50.0,0.0,50.0,0.0,0.0,100.0
Police de la Ville de Poitiers,5,4,100.0,0.0,0.0,0.0,0.0,100.0,0.0,0.0,100.0
Lieutenances du Bas-Poitou,3,4,100.0,0.0,0.0,25.0,0.0,75.0,75.0,0.0,25.0
Échansonnerie-bouche de Marie-Antoinette,7,4,100.0,0.0,0.0,0.0,0.0,100.0,0.0,0.0,100.0
Gouvernement d’Auvergne,2,4,100.0,0.0,0.0,75.0,0.0,25.0,100.0,0.0,0.0
Pays de Basse Picardie,4,4,100.0,0.0,0.0,75.0,0.0,25.0,100.0,0.0,0.0
Généralité de Caen,3,4,100.0,0.0,0.0,0.0,0.0,100.0,0.0,0.0,100.0
Généralité de Moulins,3,4,100.0,0.0,0.0,0.0,0.0,100.0,0.0,0.0,100.0
Meute des soixante-dix chiens courant le lièvre de la Vénerie du roi,5,4,100.0,0.0,0.0,0.0,0.0,100.0,0.0,0.0,100.0
Équipage des lévriers de Champagne de la Vénerie du roi,5,4,100.0,0.0,0.0,25.0,0.0,75.0,0.0,0.0,100.0
Officiers de la grande Chancellerie de France,2,3,100.0,0.0,0.0,0.0,0.0,100.0,0.0,0.0,100.0
Gouvernement des pays et comté de Provence,2,3,100.0,0.0,0.0,33.33,0.0,66.67,100.0,0.0,0.0
Régiment des gardes suisses,4,3,100.0,0.0,0.0,33.33,0.0,66.67,0.0,0.0,100.0
Gouvernement particulier de Lusignan,4,3,100.0,0.0,0.0,0.0,0.0,100.0,33.33,0.0,66.67
Gouvernement particulier de Crépy-en-Laonnois,4,3,100.0,0.0,0.0,0.0,0.0,100.0,0.0,0.0,100.0
Police de la Ville de Ham,5,3,100.0,0.0,0.0,0.0,0.0,100.0,0.0,0.0,100.0
Lieutenant général et chefs d’escadres des Galères,2,3,100.0,0.0,0.0,0.0,0.0,100.0,33.33,0.0,66.67
Gouvernement du château de Saint-Hubert,7,3,100.0,0.0,0.0,0.0,0.0,100.0,0.0,0.0,100.0
"Maison de Louis de France, duc de Bourgogne (✝ 1712)",2,3,33.33,66.67,0.0,0.0,0.0,100.0,0.0,0.0,100.0
Gouvernement du château de Marimont,7,3,66.67,33.33,0.0,0.0,0.0,100.0,0.0,0.0,100.0
Gouvernement du château de Meudon et de Chaville,6,3,100.0,0.0,0.0,0.0,33.33,66.67,0.0,0.0,100.0
Gouvernement particulier de Blois,3,3,100.0,0.0,0.0,0.0,0.0,100.0,0.0,0.0,100.0
Bailliage de Gien,3,3,100.0,0.0,0.0,0.0,0.0,100.0,33.33,0.0,66.67
Bailliage de Meaux,4,3,100.0,0.0,0.0,0.0,0.0,100.0,0.0,0.0,100.0
Bailliage de Dreux,4,3,100.0,0.0,0.0,0.0,0.0,100.0,0.0,0.0,100.0
Maison du roi,1,3,100.0,0.0,0.0,33.33,0.0,66.67,0.0,0.0,100.0
Intendance de Flandre,3,3,100.0,0.0,0.0,0.0,0.0,100.0,0.0,0.0,100.0
Généralité de Lyon,3,3,100.0,0.0,0.0,0.0,0.0,100.0,0.0,0.0,100.0
Généralité de Montpellier,3,3,100.0,0.0,0.0,0.0,0.0,100.0,0.0,0.0,100.0
Archevêché de Cambrai,2,3,100.0,0.0,0.0,33.33,0.0,66.67,33.33,0.0,66.67
"Maison du dauphin Louis, dit Louis-Ferdinand (✝ 1765)",2,3,0.0,100.0,0.0,66.67,0.0,33.33,0.0,0.0,100.0
Meute des petits chiens blancs chassant le cerf de la Vénerie du roi,5,3,100.0,0.0,0.0,0.0,0.0,100.0,33.33,0.0,66.67
Administration générale des Monnaies,2,3,100.0,0.0,0.0,0.0,0.0,100.0,0.0,0.0,100.0
Bailliage de Blois,3,3,100.0,0.0,0.0,0.0,0.0,100.0,33.33,0.0,66.67
Gouvernement d’Île-de-France,2,3,100.0,0.0,0.0,66.67,0.0,33.33,100.0,0.0,0.0
Lieutenances du Haut-Poitou,3,3,100.0,0.0,0.0,0.0,0.0,100.0,0.0,0.0,100.0
Police de la Ville de Sèvres,5,3,100.0,0.0,0.0,0.0,0.0,100.0,0.0,0.0,100.0
Maisons de Ville,3,3,100.0,0.0,0.0,66.67,0.0,33.33,33.33,0.0,66.67
Gouvernement de Lorraine et Barrois,2,3,100.0,0.0,0.0,33.33,0.0,66.67,100.0,0.0,0.0
"Maison de Marie-Thérèse de France, dite la Petite Madame (✝ 1672)",1,3,0.0,100.0,0.0,0.0,0.0,100.0,0.0,0.0,100.0
Département du Commerce,3,3,100.0,0.0,0.0,0.0,0.0,100.0,0.0,0.0,100.0
Capitaines et autres officiers des Galères,2,3,100.0,0.0,0.0,0.0,0.0,100.0,0.0,0.0,100.0
Vol pour corneille de la Fauconnerie du roi,5,3,100.0,0.0,0.0,0.0,0.0,100.0,0.0,0.0,100.0
Trésoriers de France généraux des Finances et Grands voyers en la généralité de Paris,3,3,100.0,0.0,0.0,0.0,0.0,100.0,0.0,0.0,100.0
Bailliage de Sens,4,3,100.0,0.0,0.0,33.33,0.0,66.67,0.0,0.0,100.0
Intendance de Metz,3,3,100.0,0.0,0.0,0.0,0.0,100.0,0.0,0.0,100.0
Bailliage de Nemours,4,3,100.0,0.0,0.0,0.0,0.0,100.0,0.0,0.0,100.0
Bailliage de Parthenay,4,3,100.0,0.0,0.0,0.0,0.0,100.0,0.0,0.0,100.0
Gouvernement particulier de Nemours,4,3,100.0,0.0,0.0,0.0,0.0,100.0,0.0,0.0,100.0
Gouvernement particulier de Meulan,4,3,100.0,0.0,0.0,0.0,0.0,100.0,0.0,0.0,100.0
Police de la Ville de Brie-Comte-Robert,5,3,100.0,0.0,0.0,0.0,0.0,100.0,0.0,0.0,100.0
Police de la Ville de Blois,5,3,100.0,0.0,0.0,0.0,0.0,100.0,0.0,0.0,100.0
Gouvernement particulier de Saint-Jean-d’Angély,4,3,100.0,0.0,0.0,33.33,0.0,66.67,33.33,0.0,66.67
Sénéchaussée de La Rochelle,3,3,100.0,0.0,0.0,0.0,0.0,100.0,0.0,0.0,100.0
Gouvernement de Nivernais,2,3,100.0,0.0,0.0,33.33,0.0,66.67,100.0,0.0,0.0
Gouvernement particulier de Pontoise (ville et château),4,3,66.67,33.33,0.0,0.0,0.0,100.0,33.33,0.0,66.67
Gouvernement particulier de Niort,4,3,100.0,0.0,0.0,0.0,0.0,100.0,0.0,0.0,100.0
"Département du Poitou, Aunis, Angoumois, Limousin, Saintonge, La Marche, Bourbonnais et Nivernais",4,3,100.0,0.0,0.0,0.0,0.0,100.0,0.0,0.0,100.0
Maison de l'Infante d'Espagne Marie-Anne-Victoire,1,3,33.33,66.67,0.0,33.33,0.0,66.67,33.33,0.0,66.67
Grand-maître de l’Artillerie de France,1,3,100.0,0.0,0.0,33.33,0.0,66.67,100.0,0.0,0.0
Intendance du Hainaut et de Maubeuge,3,3,100.0,0.0,0.0,33.33,0.0,66.67,0.0,0.0,100.0
Lieutenance de Fontenay et du reste du Bas-Poitou,4,3,100.0,0.0,0.0,0.0,0.0,100.0,0.0,0.0,100.0
Sénéchaussée de Saint-Maixent et Civray,4,3,100.0,0.0,0.0,0.0,0.0,100.0,0.0,0.0,100.0
Sénéchaussée de Vouvant,4,3,100.0,0.0,0.0,0.0,0.0,100.0,0.0,0.0,100.0
Gouvernement particulier d’Amboise,3,3,100.0,0.0,0.0,0.0,0.0,100.0,0.0,0.0,100.0
Gouvernement particulier d’Orléans,3,3,100.0,0.0,0.0,0.0,0.0,100.0,0.0,0.0,100.0
Sénéchaussée de Saintes,3,3,100.0,0.0,0.0,0.0,0.0,100.0,0.0,0.0,100.0
Archevêché de Sens,2,3,100.0,0.0,0.0,33.33,0.0,66.67,66.67,0.0,33.33
Évêché de Tarbes,3,3,100.0,0.0,0.0,33.33,0.0,66.67,33.33,0.0,66.67
Mousquetaires de la Garde du roi,4,3,100.0,0.0,0.0,0.0,0.0,100.0,0.0,0.0,100.0
Bailliage de Chauny,4,2,100.0,0.0,0.0,0.0,0.0,100.0,0.0,0.0,100.0
Bailliage de Chaumont-en-Bassigny,4,2,100.0,0.0,0.0,0.0,0.0,100.0,0.0,0.0,100.0
Autres officiers de l’Artillerie,2,2,100.0,0.0,0.0,0.0,0.0,100.0,0.0,0.0,100.0
Archevêché d’Aix,2,2,100.0,0.0,0.0,0.0,0.0,100.0,50.0,0.0,50.0
Évêché de Strasbourg,2,2,100.0,0.0,0.0,50.0,0.0,50.0,100.0,0.0,0.0
Évêché de Saintes,3,2,100.0,0.0,0.0,50.0,0.0,50.0,0.0,0.0,100.0
Évêché de Metz,3,2,100.0,0.0,0.0,0.0,0.0,100.0,50.0,0.0,50.0
Archevêché de Paris,2,2,100.0,0.0,0.0,0.0,0.0,100.0,50.0,0.0,50.0
Archevêché de Lyon,2,2,100.0,0.0,0.0,50.0,0.0,50.0,0.0,0.0,100.0
Évêché de Grenoble,3,2,100.0,0.0,0.0,0.0,0.0,100.0,0.0,0.0,100.0
Intendance de Franche-Comté,3,2,100.0,0.0,0.0,0.0,0.0,100.0,0.0,0.0,100.0
Hôpital général de Saint-Germain-en-Laye,3,2,100.0,0.0,0.0,0.0,0.0,100.0,0.0,0.0,100.0
Hôpital de la Charité d’Avon,3,2,100.0,0.0,0.0,0.0,0.0,100.0,0.0,0.0,100.0
Hôpital de la Charité de Senlis,3,2,100.0,0.0,0.0,0.0,0.0,100.0,0.0,0.0,100.0
Hôpital de la Charité de La Rochelle,3,2,100.0,0.0,0.0,0.0,0.0,100.0,0.0,0.0,100.0
"Lieutenance de Poitiers, Lusignan et du reste du Haut-Poitou",4,2,100.0,0.0,0.0,0.0,0.0,100.0,0.0,0.0,100.0
Hôpital de la Charité de Fontainebleau,3,2,100.0,0.0,0.0,0.0,0.0,100.0,0.0,0.0,100.0
Généralité d’Amiens,3,2,100.0,0.0,0.0,0.0,0.0,100.0,0.0,0.0,100.0
Officiers pour les Bâtiments et logements des maisons royales,3,2,100.0,0.0,0.0,50.0,0.0,50.0,0.0,0.0,100.0
Généralité de Grenoble,3,2,100.0,0.0,0.0,0.0,0.0,100.0,0.0,0.0,100.0
Généralité de Bourges,3,2,100.0,0.0,0.0,0.0,0.0,100.0,0.0,0.0,100.0
Généralité de Bordeaux,3,2,100.0,0.0,0.0,0.0,0.0,100.0,50.0,0.0,50.0
Gouvernement particulier de Poitiers,4,2,100.0,0.0,0.0,0.0,0.0,100.0,0.0,0.0,100.0
Gouvernement particulier de Sedan,4,2,100.0,0.0,0.0,0.0,0.0,100.0,0.0,0.0,100.0
Gouvernement particulier de Saint-Denis,4,2,100.0,0.0,0.0,0.0,0.0,100.0,0.0,0.0,100.0
Gouvernement particulier de Provins,4,2,100.0,0.0,0.0,0.0,0.0,100.0,50.0,0.0,50.0
Gouvernement particulier de Pont-sur-Yonne,4,2,100.0,0.0,0.0,0.0,0.0,100.0,0.0,0.0,100.0
Gouvernement particulier de Montlhéry,4,2,100.0,0.0,0.0,0.0,0.0,100.0,0.0,0.0,100.0
Gouvernement particulier de Montfort-l’Amaury,4,2,100.0,0.0,0.0,0.0,0.0,100.0,0.0,0.0,100.0
Gouvernement particulier de Montereau-Fault-Yonne,4,2,100.0,0.0,0.0,0.0,0.0,100.0,0.0,0.0,100.0
Gouvernement particulier de Meung-sur-Loire,3,2,100.0,0.0,0.0,0.0,0.0,100.0,0.0,0.0,100.0
Police de la Ville de Chablis,5,2,100.0,0.0,0.0,0.0,0.0,100.0,0.0,0.0,100.0
"Pays de Langres, Troyes, Châlons-sur-Marne et Sens",4,2,100.0,0.0,0.0,0.0,0.0,100.0,50.0,0.0,50.0
Officiers de la maîtrise des Eaux et Forêts de Chambord,7,2,100.0,0.0,0.0,0.0,0.0,100.0,0.0,0.0,100.0
Litière de la reine Marie-Thérèse,6,2,100.0,0.0,0.0,0.0,0.0,100.0,0.0,0.0,100.0
Gouvernement particulier de Melun,4,2,100.0,0.0,0.0,0.0,0.0,100.0,0.0,0.0,100.0
Gouvernement particulier de Mantes,4,2,100.0,0.0,0.0,50.0,0.0,50.0,100.0,0.0,0.0
Gouvernement particulier de Limours,4,2,100.0,0.0,0.0,0.0,0.0,100.0,0.0,0.0,100.0
Gouvernement particulier de Lagny-en-Brie,4,2,100.0,0.0,0.0,0.0,0.0,100.0,0.0,0.0,100.0
Police de la Ville de Neuilly-Saint-Front,5,2,100.0,0.0,0.0,0.0,0.0,100.0,0.0,0.0,100.0
Police de la Ville de Montreuil,5,2,100.0,0.0,0.0,0.0,0.0,100.0,0.0,0.0,100.0
"Police de la Ville de Montielle, Brenonville et Ponpoint",5,2,100.0,0.0,0.0,0.0,0.0,100.0,0.0,0.0,100.0
Police de la Ville de Marle,5,2,100.0,0.0,0.0,0.0,0.0,100.0,0.0,0.0,100.0
Police de la Ville de Laon,5,2,100.0,0.0,0.0,0.0,0.0,100.0,0.0,0.0,100.0
Police de la Ville de La Ferté-Milon,5,2,100.0,0.0,0.0,0.0,0.0,100.0,0.0,0.0,100.0
Police de la Ville de Dreux,5,2,100.0,0.0,0.0,0.0,0.0,100.0,0.0,0.0,100.0
Police de la Ville de Coucy-le-Château,5,2,100.0,0.0,0.0,0.0,0.0,100.0,0.0,0.0,100.0
Gouvernement particulier de Crécy,4,2,100.0,0.0,0.0,50.0,0.0,50.0,50.0,0.0,50.0
Police de la Ville de Soissons,5,2,100.0,0.0,0.0,0.0,0.0,100.0,0.0,0.0,100.0
Police de la Ville de Sens,5,2,100.0,0.0,0.0,0.0,0.0,100.0,0.0,0.0,100.0
Police de la Ville de Pierrefonds,5,2,100.0,0.0,0.0,0.0,0.0,100.0,0.0,0.0,100.0
Police de la Ville de Noyon,5,2,100.0,0.0,0.0,0.0,0.0,100.0,0.0,0.0,100.0
Police de la Ville de Niort,5,2,100.0,0.0,0.0,0.0,0.0,100.0,0.0,0.0,100.0
Lieutenances du gouvernement de Saintonge et d’Angoumois,3,2,100.0,0.0,0.0,0.0,0.0,100.0,0.0,0.0,100.0
"Maison de Madame Sophie, Sophie-Philippine-Élisabeth de France (✝ 1782)",1,2,100.0,0.0,0.0,0.0,0.0,100.0,0.0,0.0,100.0
Maison civile du roi,2,2,100.0,0.0,0.0,0.0,0.0,100.0,0.0,0.0,100.0
Prévôté et maréchaussée de Soissons,5,2,100.0,0.0,0.0,0.0,0.0,100.0,0.0,0.0,100.0
Gouvernement particulier de Châtillon-sur-Loing,3,2,100.0,0.0,0.0,0.0,0.0,100.0,0.0,0.0,100.0
Gouvernement particulier de Châteaudun,3,2,100.0,0.0,0.0,0.0,0.0,100.0,0.0,0.0,100.0
Gouvernement particulier de Chartres,3,2,100.0,0.0,0.0,0.0,0.0,100.0,50.0,0.0,50.0
Gouvernement du château de Plessis-Lès-Tours,7,2,100.0,0.0,0.0,0.0,0.0,100.0,0.0,0.0,100.0
Faculté de Médecine de l’université de Paris,3,2,100.0,0.0,0.0,0.0,0.0,100.0,0.0,0.0,100.0
"Gien, Montargis, Gâtinais et pays de Puisay",4,2,100.0,0.0,0.0,0.0,0.0,100.0,0.0,0.0,100.0
Services de la Bouche du roi réformés en 1780,4,2,100.0,0.0,0.0,0.0,0.0,100.0,0.0,0.0,100.0
"Département de Valois, Senlis et Soissons",4,2,100.0,0.0,0.0,0.0,0.0,100.0,0.0,0.0,100.0
Du général des Galères,1,2,100.0,0.0,0.0,50.0,0.0,50.0,50.0,0.0,50.0
Cuisine-bouche et Commun de Marie-Antoinette,4,2,100.0,0.0,0.0,50.0,0.0,50.0,0.0,0.0,100.0
"Du Grand aumônier de France, du clergé de cour et de la musique de la Chapelle du roi",3,2,100.0,0.0,0.0,0.0,0.0,100.0,0.0,0.0,100.0
Cour des Aides de Paris,3,2,100.0,0.0,0.0,0.0,0.0,100.0,0.0,0.0,100.0
Conseil et finances du comte de Provence,4,2,100.0,0.0,0.0,0.0,0.0,100.0,0.0,0.0,100.0
Maison de la dauphine Marie-Anne-Christine-Victoire de Bavière,2,2,100.0,0.0,0.0,0.0,0.0,100.0,0.0,0.0,100.0
"Maison de Philippe d'Orléans, dit le Régent",2,2,100.0,0.0,0.0,50.0,0.0,50.0,100.0,0.0,0.0
Maison de Mesdames les aînées,1,2,100.0,0.0,0.0,0.0,0.0,100.0,0.0,0.0,100.0
Carrosse des écuyers de la reine Marie-Thérèse,6,2,100.0,0.0,0.0,0.0,0.0,100.0,0.0,0.0,100.0
Carrosse de la reine Marie-Thérèse,6,2,100.0,0.0,0.0,0.0,0.0,100.0,0.0,0.0,100.0
Capitainerie des chasses de Montlhéry,6,2,100.0,0.0,0.0,0.0,0.0,100.0,0.0,0.0,100.0
Capitainerie des chasses de Montfort-l’Amaury,6,2,100.0,0.0,0.0,0.0,0.0,100.0,0.0,0.0,100.0
Chambre des Comptes de Paris,3,2,100.0,0.0,0.0,0.0,0.0,100.0,0.0,0.0,100.0
Bailliage d’Étampes,3,2,100.0,0.0,0.0,0.0,0.0,100.0,0.0,0.0,100.0
Capitainerie des chasses de Longjumeau,6,2,100.0,0.0,0.0,0.0,0.0,100.0,0.0,0.0,100.0
Bailliage d’Amboise ou Basse Touraine,3,2,100.0,0.0,0.0,0.0,0.0,100.0,0.0,0.0,100.0
Bailliage de Senlis,4,2,100.0,0.0,0.0,0.0,0.0,100.0,0.0,0.0,100.0
Bailliage de Montfort-l’Amaury,4,2,100.0,0.0,0.0,0.0,0.0,100.0,0.0,0.0,100.0
Bailliage de Mantes et Meulan,4,2,100.0,0.0,0.0,0.0,0.0,100.0,0.0,0.0,100.0
Bailliage de Ham,4,2,100.0,0.0,0.0,0.0,0.0,100.0,0.0,0.0,100.0
Maisons royales,4,2,100.0,0.0,0.0,0.0,0.0,100.0,0.0,0.0,100.0
"Maison du dauphin Louis, dit Monseigneur (✝ 1711)",2,2,50.0,50.0,0.0,0.0,0.0,100.0,50.0,0.0,50.0
Maison de la reine Marie-Thérèse d'Autriche,2,2,100.0,0.0,0.0,0.0,0.0,100.0,0.0,0.0,100.0
Maison de la reine Marie Leszczynska,2,2,50.0,0.0,50.0,0.0,0.0,100.0,0.0,0.0,100.0
Évêché de Langres,3,2,100.0,0.0,0.0,0.0,0.0,100.0,50.0,0.0,50.0
Évêché de Laon,3,2,100.0,0.0,0.0,50.0,0.0,50.0,100.0,0.0,0.0
Évêché d’Auxerre,3,2,100.0,0.0,0.0,0.0,0.0,100.0,0.0,0.0,100.0
Académie royale des Sciences,3,1,100.0,0.0,0.0,0.0,0.0,100.0,0.0,0.0,100.0
Académie royale d’Architecture,3,1,100.0,0.0,0.0,0.0,0.0,100.0,0.0,0.0,100.0
Archevêché de Besançon,2,1,100.0,0.0,0.0,100.0,0.0,0.0,100.0,0.0,0.0
Archevêché de Bourges,2,1,100.0,0.0,0.0,0.0,0.0,100.0,100.0,0.0,0.0
Archevêché de Rouen,2,1,100.0,0.0,0.0,0.0,0.0,100.0,100.0,0.0,0.0
Archevêché de Toulouse,2,1,100.0,0.0,0.0,0.0,0.0,100.0,0.0,0.0,100.0
Archevêché de Tours,2,1,100.0,0.0,0.0,100.0,0.0,0.0,100.0,0.0,0.0
Évêché de Marseille,3,1,100.0,0.0,0.0,0.0,0.0,100.0,100.0,0.0,0.0
Évêché de Noyon,3,1,100.0,0.0,0.0,0.0,0.0,100.0,100.0,0.0,0.0
Évêché de Riez,3,1,100.0,0.0,0.0,0.0,0.0,100.0,0.0,0.0,100.0
Évêché de Senlis,3,1,100.0,0.0,0.0,0.0,0.0,100.0,0.0,0.0,100.0
Évêché de Toul,3,1,100.0,0.0,0.0,0.0,0.0,100.0,100.0,0.0,0.0
Évêché de Toulon,3,1,100.0,0.0,0.0,100.0,0.0,0.0,0.0,0.0,100.0
Évêché de Tournay,3,1,100.0,0.0,0.0,0.0,0.0,100.0,0.0,0.0,100.0
Évêché de Troyes,3,1,100.0,0.0,0.0,0.0,0.0,100.0,0.0,0.0,100.0
Évêché de Tulles,3,1,100.0,0.0,0.0,0.0,0.0,100.0,100.0,0.0,0.0
Évêché de Valence,3,1,100.0,0.0,0.0,0.0,0.0,100.0,0.0,0.0,100.0
Évêché de Verdun,3,1,100.0,0.0,0.0,0.0,0.0,100.0,0.0,0.0,100.0
Évêché d’Agde,3,1,100.0,0.0,0.0,0.0,0.0,100.0,0.0,0.0,100.0
Manufacture royale de Beauvais,2,1,100.0,0.0,0.0,0.0,0.0,100.0,0.0,0.0,100.0
Manufacture royale de Sèvres,2,1,100.0,0.0,0.0,0.0,0.0,100.0,0.0,0.0,100.0
Ministres des cours étrangères en France,2,1,100.0,0.0,0.0,0.0,0.0,100.0,0.0,0.0,100.0
Maison de la duchesse de Bourgogne,1,1,100.0,0.0,0.0,0.0,0.0,100.0,0.0,0.0,100.0
Maison du comte d'Artois,1,1,100.0,0.0,0.0,0.0,0.0,100.0,0.0,0.0,100.0
Maison du comte de Provence,1,1,100.0,0.0,0.0,0.0,0.0,100.0,0.0,0.0,100.0
"Maison du dauphin Louis-Auguste, duc de Berry (✝ 1793)",2,1,100.0,0.0,0.0,100.0,0.0,0.0,100.0,0.0,0.0
Maison du dauphin Louis-Joseph-Xavier-François (✝ 1789),2,1,100.0,0.0,0.0,0.0,0.0,100.0,0.0,0.0,100.0
Maison du roi d'Espagne,1,1,100.0,0.0,0.0,0.0,0.0,100.0,0.0,0.0,100.0
Maison ecclésiastique de la dauphine Marie-Anne-Christine-Victoire de Bavière,3,1,100.0,0.0,0.0,0.0,0.0,100.0,0.0,0.0,100.0
Maison de Françoise-Marie de Bourbon duchesse d'Orléans,2,1,0.0,100.0,0.0,100.0,0.0,0.0,100.0,0.0,0.0
Maison de Gaston d'Orléans,2,1,100.0,0.0,0.0,0.0,0.0,100.0,0.0,0.0,100.0
Maison de Madame Clotilde,1,1,0.0,100.0,0.0,0.0,0.0,100.0,0.0,0.0,100.0
Maison de Madame Victoire,1,1,100.0,0.0,0.0,0.0,0.0,100.0,0.0,0.0,100.0
Lieutenance d’Arles,4,1,100.0,0.0,0.0,0.0,0.0,100.0,0.0,0.0,100.0
Lieutenance générale du Châlonnais,4,1,100.0,0.0,0.0,0.0,0.0,100.0,0.0,0.0,100.0
Lieutenance générale du Mâconnais,4,1,100.0,0.0,0.0,0.0,0.0,100.0,100.0,0.0,0.0
Lieutenances de Haute et Basse Marche,3,1,100.0,0.0,0.0,0.0,0.0,100.0,0.0,0.0,100.0
Lieutenances du Haut et Bas-Limousin,3,1,100.0,0.0,0.0,0.0,0.0,100.0,0.0,0.0,100.0
Lieutenances générales du Languedoc,3,1,100.0,0.0,0.0,100.0,0.0,0.0,100.0,0.0,0.0
Officiers des Bâtiments du roi pour le château de Blois,7,1,100.0,0.0,0.0,100.0,0.0,0.0,0.0,0.0,100.0
Officiers des Bâtiments du roi pour le château de Chambord,7,1,100.0,0.0,0.0,0.0,0.0,100.0,0.0,0.0,100.0
L'Élection,3,1,100.0,0.0,0.0,0.0,0.0,100.0,0.0,0.0,100.0
Le Collège royal,5,1,100.0,0.0,0.0,0.0,0.0,100.0,0.0,0.0,100.0
"Lieutenance de Châtellerault, Loudun et Montmorillon",4,1,100.0,0.0,0.0,0.0,0.0,100.0,0.0,0.0,100.0
Hôpital de la Charité de Moulins,3,1,100.0,0.0,0.0,0.0,0.0,100.0,0.0,0.0,100.0
Hôpital de la Charité de Versailles (av. 1720),3,1,100.0,0.0,0.0,0.0,0.0,100.0,0.0,0.0,100.0
Hôpital de la Charité de Vitry-le-François,3,1,100.0,0.0,0.0,0.0,0.0,100.0,0.0,0.0,100.0
Généralité de Montauban,3,1,100.0,0.0,0.0,0.0,0.0,100.0,0.0,0.0,100.0
Gouvernement particulier d’Ablis,4,1,100.0,0.0,0.0,0.0,0.0,100.0,0.0,0.0,100.0
Généralité de Bretagne,3,1,100.0,0.0,0.0,0.0,0.0,100.0,0.0,0.0,100.0
Officiers des Eaux et Forêts de Versailles et ses dépendances,6,1,100.0,0.0,0.0,0.0,0.0,100.0,0.0,0.0,100.0
Ordre de Notre-Dame-de-Mont-Carmel et de Saint-Lazare de Jérusalem,1,1,100.0,0.0,0.0,100.0,0.0,0.0,100.0,0.0,0.0
Gouvernement particulier de Sully-sur-Loire,3,1,100.0,0.0,0.0,0.0,0.0,100.0,0.0,0.0,100.0
Gouvernement particulier de Talmont,4,1,100.0,0.0,0.0,0.0,0.0,100.0,0.0,0.0,100.0
Gouvernement particulier de Tonnerre,4,1,100.0,0.0,0.0,100.0,0.0,0.0,0.0,0.0,100.0
Gouvernement particulier de Toucy,4,1,100.0,0.0,0.0,0.0,0.0,100.0,0.0,0.0,100.0
Gouvernement particulier de Vailly-sur-Aisne,4,1,100.0,0.0,0.0,0.0,0.0,100.0,0.0,0.0,100.0
Gouvernement particulier de Valognes,4,1,100.0,0.0,0.0,100.0,0.0,0.0,0.0,0.0,100.0
Gouvernement particulier de Vernon-sur-Seine,4,1,100.0,0.0,0.0,0.0,0.0,100.0,0.0,0.0,100.0
Gouvernement particulier de Versailles (château royal),4,1,100.0,0.0,0.0,0.0,0.0,100.0,0.0,0.0,100.0
Gouvernement particulier de Villeneuve-le-Roi,4,1,100.0,0.0,0.0,0.0,0.0,100.0,0.0,0.0,100.0
Gouvernement particulier de Villiers-Saint-Benoît,4,1,100.0,0.0,0.0,0.0,0.0,100.0,0.0,0.0,100.0
Gouvernement particulier de l’île de Ré,4,1,100.0,0.0,0.0,0.0,0.0,100.0,0.0,0.0,100.0
Gouvernement particulier de Pithiviers,3,1,100.0,0.0,0.0,0.0,0.0,100.0,0.0,0.0,100.0
Gouvernement particulier de Pont-Sainte-Maxence,4,1,100.0,0.0,0.0,0.0,0.0,100.0,0.0,0.0,100.0
Gouvernement particulier de Saint-Arnould-en-Beauce,4,1,100.0,0.0,0.0,0.0,0.0,100.0,100.0,0.0,0.0
Gouvernement particulier de Saint-Calais en Vendômois,3,1,100.0,0.0,0.0,0.0,0.0,100.0,0.0,0.0,100.0
Gouvernement particulier de Saint-Dyé-sur-Loire,3,1,100.0,0.0,0.0,0.0,0.0,100.0,0.0,0.0,100.0
Gouvernement particulier de Saint-Sauveur-en-Puisaye,4,1,100.0,0.0,0.0,0.0,0.0,100.0,0.0,0.0,100.0
Gouvernement particulier de Saumur,3,1,100.0,0.0,0.0,0.0,0.0,100.0,0.0,0.0,100.0
Parlement de Bretagne,3,1,100.0,0.0,0.0,0.0,0.0,100.0,0.0,0.0,100.0
Parlement d’Aix,3,1,100.0,0.0,0.0,0.0,0.0,100.0,0.0,0.0,100.0
Pays chartrain,4,1,100.0,0.0,0.0,0.0,0.0,100.0,0.0,0.0,100.0
"Pays de Meaux, Provins et Château-Thierry",4,1,100.0,0.0,0.0,0.0,0.0,100.0,0.0,0.0,100.0
Pays de Reims,4,1,100.0,0.0,0.0,100.0,0.0,0.0,100.0,0.0,0.0
Pays de Santerre,4,1,100.0,0.0,0.0,0.0,0.0,100.0,0.0,0.0,100.0
Pays de Vienne et Saint-Marcellin,4,1,100.0,0.0,0.0,0.0,0.0,100.0,0.0,0.0,100.0
Pays d’Embrun et Gap,4,1,100.0,0.0,0.0,0.0,0.0,100.0,0.0,0.0,100.0
Police de la Ville de Beaugency,5,1,100.0,0.0,0.0,0.0,0.0,100.0,0.0,0.0,100.0
Police de la Ville de Beaumont,5,1,100.0,0.0,0.0,0.0,0.0,100.0,0.0,0.0,100.0
Police de la Ville de Chambly,5,1,100.0,0.0,0.0,0.0,0.0,100.0,0.0,0.0,100.0
Police de la Ville de Chauny,5,1,100.0,0.0,0.0,0.0,0.0,100.0,0.0,0.0,100.0
Police de la Ville de Château-Thierry,5,1,100.0,0.0,0.0,0.0,0.0,100.0,0.0,0.0,100.0
Police de la Ville de Civray,5,1,100.0,0.0,0.0,0.0,0.0,100.0,0.0,0.0,100.0
Gouvernement particulier de Montargis,3,1,100.0,0.0,0.0,0.0,0.0,100.0,0.0,0.0,100.0
Gouvernement particulier de Montmorillon,4,1,100.0,0.0,0.0,0.0,0.0,100.0,0.0,0.0,100.0
Gouvernement particulier de Montoire,3,1,100.0,0.0,0.0,0.0,0.0,100.0,0.0,0.0,100.0
Gouvernement particulier de Mortagne-au-Perche,4,1,100.0,0.0,0.0,0.0,0.0,100.0,0.0,0.0,100.0
Gouvernement particulier de Mèze,4,1,100.0,0.0,0.0,0.0,0.0,100.0,0.0,0.0,100.0
Gouvernement particulier de Nangis,4,1,100.0,0.0,0.0,0.0,0.0,100.0,0.0,0.0,100.0
Gouvernement particulier de Neuville-aux-Loges,3,1,100.0,0.0,0.0,0.0,0.0,100.0,0.0,0.0,100.0
Gouvernement particulier de Nogent,4,1,100.0,0.0,0.0,0.0,0.0,100.0,0.0,0.0,100.0
Police de la Ville de Clermont-en-Beauvaisis,5,1,100.0,0.0,0.0,0.0,0.0,100.0,0.0,0.0,100.0
Police de la Ville de Dourdan,5,1,100.0,0.0,0.0,0.0,0.0,100.0,0.0,0.0,100.0
Police de la Ville de Dunleroy,5,1,100.0,0.0,0.0,0.0,0.0,100.0,0.0,0.0,100.0
Police de la Ville de Fontainebleau,5,1,100.0,0.0,0.0,0.0,0.0,100.0,0.0,0.0,100.0
Police de la Ville de La Fère,5,1,100.0,0.0,0.0,0.0,0.0,100.0,0.0,0.0,100.0
Police de la Ville de Marles,5,1,100.0,0.0,0.0,0.0,0.0,100.0,0.0,0.0,100.0
Police de la Ville de Montargis,5,1,100.0,0.0,0.0,0.0,0.0,100.0,0.0,0.0,100.0
Gouvernement particulier de La Ferté-Milon,4,1,100.0,0.0,0.0,0.0,0.0,100.0,0.0,0.0,100.0
Gouvernement particulier de La Ferté-sous-Jouarre,4,1,100.0,0.0,0.0,0.0,0.0,100.0,0.0,0.0,100.0
Gouvernement particulier de La Rochelle,4,1,100.0,0.0,0.0,0.0,0.0,100.0,0.0,0.0,100.0
Gouvernement particulier de Loches,3,1,100.0,0.0,0.0,100.0,0.0,0.0,100.0,0.0,0.0
Gouvernement particulier de Lorris,3,1,100.0,0.0,0.0,0.0,0.0,100.0,0.0,0.0,100.0
Gouvernement particulier de Luçon,4,1,100.0,0.0,0.0,0.0,0.0,100.0,0.0,0.0,100.0
Gouvernement particulier de Meaux,4,1,100.0,0.0,0.0,0.0,0.0,100.0,0.0,0.0,100.0
Gouvernement particulier de Melle,4,1,100.0,0.0,0.0,0.0,0.0,100.0,0.0,0.0,100.0
Gouvernement particulier de Metz,3,1,100.0,0.0,0.0,0.0,0.0,100.0,0.0,0.0,100.0
Police de la Ville de Nogent-sur-Seine,5,1,100.0,0.0,0.0,0.0,0.0,100.0,0.0,0.0,100.0
Police de la Ville de Parthenay,5,1,100.0,0.0,0.0,0.0,0.0,100.0,0.0,0.0,100.0
Police de la Ville de Romorantin,5,1,100.0,0.0,0.0,0.0,0.0,100.0,0.0,0.0,100.0
Police de la Ville de Saint-Maixent,5,1,100.0,0.0,0.0,0.0,0.0,100.0,0.0,0.0,100.0
Police de la Ville de Senlis,5,1,100.0,0.0,0.0,0.0,0.0,100.0,0.0,0.0,100.0
Police de la Ville de Triel,5,1,100.0,0.0,0.0,0.0,0.0,100.0,0.0,0.0,100.0
Police de la Ville de Vincennes,5,1,100.0,0.0,0.0,0.0,0.0,100.0,0.0,0.0,100.0
Police de la ville d’Auchy-le-Château,5,1,100.0,0.0,0.0,0.0,0.0,100.0,0.0,0.0,100.0
Gouvernement particulier de Cosne-Cours-sur-Loire,3,1,100.0,0.0,0.0,0.0,0.0,100.0,0.0,0.0,100.0
Gouvernement particulier de Coucy (ville et château),4,1,100.0,0.0,0.0,0.0,0.0,100.0,0.0,0.0,100.0
Gouvernement particulier de Coulonges-les-Royaux,4,1,100.0,0.0,0.0,0.0,0.0,100.0,0.0,0.0,100.0
Gouvernement particulier de Creil,4,1,100.0,0.0,0.0,0.0,0.0,100.0,0.0,0.0,100.0
Gouvernement particulier de Falaise,4,1,100.0,0.0,0.0,0.0,0.0,100.0,0.0,0.0,100.0
Gouvernement particulier de Faremoutiers,4,1,100.0,0.0,0.0,0.0,0.0,100.0,0.0,0.0,100.0
Gouvernement particulier de Gerberoy,4,1,100.0,0.0,0.0,0.0,0.0,100.0,0.0,0.0,100.0
Gouvernement particulier de Bonneval,3,1,100.0,0.0,0.0,0.0,0.0,100.0,0.0,0.0,100.0
Gouvernement particulier de Bonny-sur-Loire,3,1,100.0,0.0,0.0,0.0,0.0,100.0,0.0,0.0,100.0
Gouvernement particulier de Braine,4,1,100.0,0.0,0.0,0.0,0.0,100.0,0.0,0.0,100.0
Gouvernement particulier de Brienon-l’Archevêque,4,1,100.0,0.0,0.0,0.0,0.0,100.0,0.0,0.0,100.0
Gouvernement particulier de Béziers,4,1,100.0,0.0,0.0,0.0,0.0,100.0,0.0,0.0,100.0
Gouvernement particulier de Chaumont-en-Vexin,4,1,100.0,0.0,0.0,0.0,0.0,100.0,0.0,0.0,100.0
Gouvernement particulier de Chevreuse,4,1,100.0,0.0,0.0,0.0,0.0,100.0,0.0,0.0,100.0
Gouvernement particulier de Chinon,3,1,100.0,0.0,0.0,0.0,0.0,100.0,0.0,0.0,100.0
Gouvernement particulier de Château-Thierry,4,1,100.0,0.0,0.0,0.0,0.0,100.0,0.0,0.0,100.0
Principauté ecclésiastique de l'insigne église collégiale de Saint-Pierre ou Abbaye de Remiremont,2,1,0.0,100.0,0.0,0.0,0.0,100.0,100.0,0.0,0.0
Prison du For-l'Évêque,2,1,100.0,0.0,0.0,0.0,0.0,100.0,0.0,0.0,100.0
Présidial de Blois,3,1,100.0,0.0,0.0,0.0,0.0,100.0,0.0,0.0,100.0
Régiment des gardes françaises,4,1,100.0,0.0,0.0,0.0,0.0,100.0,0.0,0.0,100.0
Saint-Germain-en-Laye,5,1,100.0,0.0,0.0,0.0,0.0,100.0,0.0,0.0,100.0
Saint-Hubert,6,1,100.0,0.0,0.0,0.0,0.0,100.0,0.0,0.0,100.0
Gouvernement particulier de Barbezieux,4,1,100.0,0.0,0.0,0.0,0.0,100.0,0.0,0.0,100.0
Gouvernement particulier de Baule,3,1,100.0,0.0,0.0,0.0,0.0,100.0,0.0,0.0,100.0
Gouvernement particulier de Beaumont-sur-Oise,4,1,100.0,0.0,0.0,0.0,0.0,100.0,0.0,0.0,100.0
Gouvernement particulier de Beauvais,4,1,100.0,0.0,0.0,0.0,0.0,100.0,100.0,0.0,0.0
Gouvernement de l’île de la Guadeloupe,5,1,100.0,0.0,0.0,0.0,0.0,100.0,0.0,0.0,100.0
Gouvernement du Palais du Luxembourg,6,1,100.0,0.0,0.0,0.0,0.0,100.0,0.0,0.0,100.0
Garderobe de la dauphine Marie-Anne-Christine-Victoire de Bavière,5,1,100.0,0.0,0.0,0.0,0.0,100.0,0.0,0.0,100.0
Gens d'armes de la reine Marie-Thérèse,4,1,100.0,0.0,0.0,0.0,0.0,100.0,100.0,0.0,0.0
Gobelet de la reine Marie-Thérèse,6,1,100.0,0.0,0.0,0.0,0.0,100.0,0.0,0.0,100.0
Gouvernement de Bretagne,2,1,100.0,0.0,0.0,100.0,0.0,0.0,100.0,0.0,0.0
Eaux et Forêts de France,3,1,100.0,0.0,0.0,0.0,0.0,100.0,0.0,0.0,100.0
Faculté de droit de l’université d’Orléans,3,1,100.0,0.0,0.0,0.0,0.0,100.0,0.0,0.0,100.0
Fondation de la communauté des dames de Saint-Louis à Saint-Cyr,6,1,100.0,0.0,0.0,100.0,0.0,0.0,0.0,0.0,100.0
Sept Offices de la reine Marie-Thérèse,5,1,0.0,100.0,0.0,0.0,0.0,100.0,0.0,0.0,100.0
Sénéchaussée de Niort,4,1,100.0,0.0,0.0,0.0,0.0,100.0,0.0,0.0,100.0
Département de Blois et Berry,4,1,100.0,0.0,0.0,0.0,0.0,100.0,0.0,0.0,100.0
Département de Paris,4,1,100.0,0.0,0.0,0.0,0.0,100.0,0.0,0.0,100.0
Département de la Maison du roi,1,1,100.0,0.0,0.0,0.0,0.0,100.0,0.0,0.0,100.0
Département de la Marine,1,1,100.0,0.0,0.0,0.0,0.0,100.0,100.0,0.0,0.0
Département d’Alençon,4,1,100.0,0.0,0.0,0.0,0.0,100.0,0.0,0.0,100.0
Des troupes de la Maison du roi,3,1,100.0,0.0,0.0,100.0,0.0,0.0,0.0,0.0,100.0
Conseil,3,1,100.0,0.0,0.0,0.0,0.0,100.0,0.0,0.0,100.0
Conseil de la reine Marie-Antoinette,4,1,100.0,0.0,0.0,0.0,0.0,100.0,0.0,0.0,100.0
Conseil des Dépêches,3,1,100.0,0.0,0.0,100.0,0.0,0.0,0.0,0.0,100.0
Conseil supérieur d’Alsace,3,1,100.0,0.0,0.0,0.0,0.0,100.0,0.0,0.0,100.0
"Chambre aux deniers de Françoise-Marie de Bourbon, duchesse d'Orléans",3,1,100.0,0.0,0.0,100.0,0.0,0.0,0.0,0.0,100.0
Capitainerie des garde-côtes de Marennes,4,1,100.0,0.0,0.0,0.0,0.0,100.0,0.0,0.0,100.0
Bailliage d’Orléans ou Orléanais,3,1,100.0,0.0,0.0,100.0,0.0,0.0,100.0,0.0,0.0
Bâtiments du comte de Provence,4,1,100.0,0.0,0.0,0.0,0.0,100.0,0.0,0.0,100.0
Capitainerie des chasses de Meudon,6,1,100.0,0.0,0.0,0.0,0.0,100.0,0.0,0.0,100.0
"Théâtre, ballets, spectacles et opéra",5,1,100.0,0.0,0.0,0.0,0.0,100.0,0.0,0.0,100.0
Bailliage de Noyon,4,1,100.0,0.0,0.0,0.0,0.0,100.0,0.0,0.0,100.0
Bailliage de Provins,4,1,100.0,0.0,0.0,0.0,0.0,100.0,0.0,0.0,100.0
Bailliage de Ribemont,4,1,100.0,0.0,0.0,0.0,0.0,100.0,0.0,0.0,100.0
Bailliage de Romorantin,3,1,100.0,0.0,0.0,0.0,0.0,100.0,0.0,0.0,100.0
Bailliage de Châtillon-sur-Indre,3,1,100.0,0.0,0.0,0.0,0.0,100.0,0.0,0.0,100.0
Bailliage de Clermont ou Basse auvergne,3,1,100.0,0.0,0.0,0.0,0.0,100.0,100.0,0.0,0.0
Bailliage de Coucy,4,1,100.0,0.0,0.0,0.0,0.0,100.0,0.0,0.0,100.0
Bailliage de Crécy,4,1,100.0,0.0,0.0,0.0,0.0,100.0,0.0,0.0,100.0
Bailliage de Dammartin,4,1,100.0,0.0,0.0,0.0,0.0,100.0,0.0,0.0,100.0
Bailliage de Dourdan,4,1,100.0,0.0,0.0,0.0,0.0,100.0,0.0,0.0,100.0
Bailliage de La Ferté-Milon,4,1,100.0,0.0,0.0,0.0,0.0,100.0,0.0,0.0,100.0
Bailliage de La Fère,4,1,100.0,0.0,0.0,0.0,0.0,100.0,0.0,0.0,100.0
Bailliage de Limours,4,1,100.0,0.0,0.0,0.0,0.0,100.0,0.0,0.0,100.0
Bailliage de Loudun,4,1,100.0,0.0,0.0,0.0,0.0,100.0,0.0,0.0,100.0
École des ponts et chaussées,3,1,100.0,0.0,0.0,0.0,0.0,100.0,0.0,0.0,100.0
Écuries de la dauphine Marie-Anne-Christine-Victoire de Bavière,4,1,100.0,0.0,0.0,0.0,0.0,100.0,0.0,0.0,100.0
Archevêché de Vienne,2,1,100.0,0.0,0.0,0.0,0.0,100.0,100.0,0.0,0.0
Archevêché d’Albi,2,1,100.0,0.0,0.0,0.0,0.0,100.0,100.0,0.0,0.0
Archevêché d’Arles,2,1,100.0,0.0,0.0,0.0,0.0,100.0,100.0,0.0,0.0
Artillerie,2,1,100.0,0.0,0.0,0.0,0.0,100.0,0.0,0.0,100.0
Bailliage de Beauvais,4,1,100.0,0.0,0.0,0.0,0.0,100.0,0.0,0.0,100.0
Bailliage de Châteaurenard,3,1,100.0,0.0,0.0,0.0,0.0,100.0,0.0,0.0,100.0
Évêché de Bayeux,3,1,100.0,0.0,0.0,0.0,0.0,100.0,100.0,0.0,0.0
Évêché de Beauvais,3,1,100.0,0.0,0.0,0.0,0.0,100.0,100.0,0.0,0.0
Évêché de Cahors,3,1,100.0,0.0,0.0,0.0,0.0,100.0,100.0,0.0,0.0
Évêché de Carcassonne,3,1,100.0,0.0,0.0,0.0,0.0,100.0,0.0,0.0,100.0
Évêché de Châlons-sur-Marne,3,1,100.0,0.0,0.0,0.0,0.0,100.0,100.0,0.0,0.0
Évêché de Condom,3,1,100.0,0.0,0.0,0.0,0.0,100.0,0.0,0.0,100.0
Évêché de Couserans,3,1,100.0,0.0,0.0,0.0,0.0,100.0,0.0,0.0,100.0
Évêché de Die,3,1,100.0,0.0,0.0,100.0,0.0,0.0,0.0,0.0,100.0
Évêché de Dole,3,1,100.0,0.0,0.0,0.0,0.0,100.0,0.0,0.0,100.0
Évêché de Gap,3,1,100.0,0.0,0.0,0.0,0.0,100.0,0.0,0.0,100.0
Évêché de Glandèves,3,1,100.0,0.0,0.0,0.0,0.0,100.0,0.0,0.0,100.0
Évêché d’Angoulême,3,1,100.0,0.0,0.0,0.0,0.0,100.0,0.0,0.0,100.0
Évêché d’Autun,3,1,100.0,0.0,0.0,100.0,0.0,0.0,0.0,0.0,100.0
Académie royale de musique ou Opéra de Paris,3,1,100.0,0.0,0.0,0.0,0.0,100.0,0.0,0.0,100.0
Évêché d’Évreux,3,1,100.0,0.0,0.0,100.0,0.0,0.0,0.0,0.0,100.0
